GROUP,PACKAGE,CLASS,INSTRUCTION_MISSED,INSTRUCTION_COVERED,BRANCH_MISSED,BRANCH_COVERED,LINE_MISSED,LINE_COVERED,COMPLEXITY_MISSED,COMPLEXITY_COVERED,METHOD_MISSED,METHOD_COVERED
phone-directory,com.org.pd.swagger,SwaggerConfig,0,48,0,0,0,9,0,3,0,3
phone-directory,com.org.pd.service,PDService,206,189,20,0,43,31,19,2,9,2
phone-directory,com.org.pd.error,ErrorDetails,21,0,0,0,8,0,4,0,4,0
phone-directory,com.org.pd.error,CustomizedResponseEntityExceptionHandler,53,3,0,0,9,1,3,1,3,1
phone-directory,com.org.pd.error,CustomerNotFoundException,4,0,0,0,2,0,1,0,1,0
phone-directory,com.org.pd.model,PhoneNumber,92,21,14,0,26,8,14,4,7,4
phone-directory,com.org.pd.model,Customer,43,12,0,0,10,5,7,1,7,1
phone-directory,com.org.pd,PDApplication,5,3,0,0,2,1,1,1,1,1
phone-directory,com.org.pd.controller,AppController,2,3,0,0,1,1,1,1,1,1
phone-directory,com.org.pd.controller,MainController,142,13,8,0,30,3,11,2,7,2
phone-directory,com.org.pd.security,SecurityConfig,0,73,0,0,0,9,0,3,0,3
